[
  {
    "model": "admin.logentry",
    "pk": 1,
    "fields": {
      "action_time": "2023-06-05T10:55:39.032Z",
      "user": 1,
      "content_type": null,
      "object_id": "2",
      "object_repr": "beaver",
      "action_flag": 1,
      "change_message": "[{\"added\": {}}]"
    }
  },
  {
    "model": "admin.logentry",
    "pk": 2,
    "fields": {
      "action_time": "2023-08-23T09:30:24.071Z",
      "user": 1,
      "content_type": null,
      "object_id": "1",
      "object_repr": "Модераторы",
      "action_flag": 1,
      "change_message": "[{\"added\": {}}]"
    }
  },
  {
    "model": "admin.logentry",
    "pk": 3,
    "fields": {
      "action_time": "2023-09-07T10:33:18.367Z",
      "user": 1,
      "content_type": null,
      "object_id": "15",
      "object_repr": "Объявление: Прошлогодний снег 2021",
      "action_flag": 2,
      "change_message": "[{\"changed\": {\"fields\": [\"\\u041e\\u043f\\u0438\\u0441\\u0430\\u043d\\u0438\\u0435\"]}}]"
    }
  },
  {
    "model": "admin.logentry",
    "pk": 4,
    "fields": {
      "action_time": "2023-09-07T11:04:57.894Z",
      "user": 1,
      "content_type": null,
      "object_id": "15",
      "object_repr": "Объявление: Прошлогодний снег 2021",
      "action_flag": 2,
      "change_message": "[{\"changed\": {\"fields\": [\"\\u041e\\u043f\\u0438\\u0441\\u0430\\u043d\\u0438\\u0435\"]}}]"
    }
  },
  {
    "model": "admin.logentry",
    "pk": 5,
    "fields": {
      "action_time": "2023-09-07T11:05:33.731Z",
      "user": 1,
      "content_type": null,
      "object_id": "18",
      "object_repr": "Объявление: Каптча тест",
      "action_flag": 2,
      "change_message": "[{\"changed\": {\"fields\": [\"\\u041e\\u043f\\u0438\\u0441\\u0430\\u043d\\u0438\\u0435\"]}}]"
    }
  },
  {
    "model": "admin.logentry",
    "pk": 6,
    "fields": {
      "action_time": "2023-09-07T11:05:43.004Z",
      "user": 1,
      "content_type": null,
      "object_id": "17",
      "object_repr": "Объявление: Жёлтый снег",
      "action_flag": 2,
      "change_message": "[{\"changed\": {\"fields\": [\"\\u041e\\u043f\\u0438\\u0441\\u0430\\u043d\\u0438\\u0435\"]}}]"
    }
  },
  {
    "model": "admin.logentry",
    "pk": 7,
    "fields": {
      "action_time": "2023-09-07T11:06:35.202Z",
      "user": 1,
      "content_type": null,
      "object_id": "15",
      "object_repr": "Объявление: Прошлогодний снег 2021",
      "action_flag": 2,
      "change_message": "[{\"changed\": {\"fields\": [\"\\u041e\\u043f\\u0438\\u0441\\u0430\\u043d\\u0438\\u0435\"]}}]"
    }
  },
  {
    "model": "admin.logentry",
    "pk": 8,
    "fields": {
      "action_time": "2023-09-07T11:07:52.271Z",
      "user": 1,
      "content_type": null,
      "object_id": "1",
      "object_repr": ":)",
      "action_flag": 1,
      "change_message": "[{\"added\": {}}]"
    }
  },
  {
    "model": "admin.logentry",
    "pk": 9,
    "fields": {
      "action_time": "2023-09-07T11:09:06.139Z",
      "user": 1,
      "content_type": null,
      "object_id": "15",
      "object_repr": "Объявление: Прошлогодний снег 2021",
      "action_flag": 2,
      "change_message": "[{\"changed\": {\"fields\": [\"\\u041e\\u043f\\u0438\\u0441\\u0430\\u043d\\u0438\\u0435\"]}}]"
    }
  },
  {
    "model": "admin.logentry",
    "pk": 10,
    "fields": {
      "action_time": "2023-09-07T11:10:44.398Z",
      "user": 1,
      "content_type": null,
      "object_id": "1",
      "object_repr": ":)",
      "action_flag": 2,
      "change_message": "[{\"changed\": {\"fields\": [\"Smiley icon width\"]}}]"
    }
  },
  {
    "model": "admin.logentry",
    "pk": 11,
    "fields": {
      "action_time": "2023-09-07T11:10:57.482Z",
      "user": 1,
      "content_type": null,
      "object_id": "15",
      "object_repr": "Объявление: Прошлогодний снег 2021",
      "action_flag": 2,
      "change_message": "[{\"changed\": {\"fields\": [\"\\u041e\\u043f\\u0438\\u0441\\u0430\\u043d\\u0438\\u0435\"]}}]"
    }
  },
  {
    "model": "admin.logentry",
    "pk": 12,
    "fields": {
      "action_time": "2023-09-07T11:13:06.691Z",
      "user": 1,
      "content_type": null,
      "object_id": "1",
      "object_repr": ":-)",
      "action_flag": 2,
      "change_message": "[{\"changed\": {\"fields\": [\"Smiley code\", \"Smiley icon height\"]}}]"
    }
  },
  {
    "model": "admin.logentry",
    "pk": 13,
    "fields": {
      "action_time": "2023-09-07T11:13:23.212Z",
      "user": 1,
      "content_type": null,
      "object_id": "15",
      "object_repr": "Объявление: Прошлогодний снег 2021",
      "action_flag": 2,
      "change_message": "[{\"changed\": {\"fields\": [\"\\u041e\\u043f\\u0438\\u0441\\u0430\\u043d\\u0438\\u0435\"]}}]"
    }
  },
  {
    "model": "admin.logentry",
    "pk": 14,
    "fields": {
      "action_time": "2023-09-07T11:18:21.359Z",
      "user": 1,
      "content_type": null,
      "object_id": "1",
      "object_repr": ":-)",
      "action_flag": 2,
      "change_message": "[{\"changed\": {\"fields\": [\"Smiley icon\"]}}]"
    }
  },
  {
    "model": "admin.logentry",
    "pk": 15,
    "fields": {
      "action_time": "2023-09-07T11:18:50.156Z",
      "user": 1,
      "content_type": null,
      "object_id": "15",
      "object_repr": "Объявление: Прошлогодний снег 2021",
      "action_flag": 2,
      "change_message": "[{\"changed\": {\"fields\": [\"\\u041e\\u043f\\u0438\\u0441\\u0430\\u043d\\u0438\\u0435\"]}}]"
    }
  },
  {
    "model": "admin.logentry",
    "pk": 16,
    "fields": {
      "action_time": "2023-09-07T11:20:01.298Z",
      "user": 1,
      "content_type": null,
      "object_id": "1",
      "object_repr": ":-)",
      "action_flag": 2,
      "change_message": "[{\"changed\": {\"fields\": [\"Smiley icon\"]}}]"
    }
  },
  {
    "model": "admin.logentry",
    "pk": 17,
    "fields": {
      "action_time": "2023-09-07T11:20:23.395Z",
      "user": 1,
      "content_type": null,
      "object_id": "15",
      "object_repr": "Объявление: Прошлогодний снег 2021",
      "action_flag": 2,
      "change_message": "[{\"changed\": {\"fields\": [\"\\u041e\\u043f\\u0438\\u0441\\u0430\\u043d\\u0438\\u0435\"]}}]"
    }
  },
  {
    "model": "admin.logentry",
    "pk": 18,
    "fields": {
      "action_time": "2023-09-07T11:21:31.909Z",
      "user": 1,
      "content_type": null,
      "object_id": "1",
      "object_repr": ":-)",
      "action_flag": 2,
      "change_message": "[{\"changed\": {\"fields\": [\"Smiley icon\"]}}]"
    }
  },
  {
    "model": "admin.logentry",
    "pk": 19,
    "fields": {
      "action_time": "2023-09-07T11:21:36.695Z",
      "user": 1,
      "content_type": null,
      "object_id": "15",
      "object_repr": "Объявление: Прошлогодний снег 2021",
      "action_flag": 2,
      "change_message": "[{\"changed\": {\"fields\": [\"\\u041e\\u043f\\u0438\\u0441\\u0430\\u043d\\u0438\\u0435\"]}}]"
    }
  },
  {
    "model": "admin.logentry",
    "pk": 20,
    "fields": {
      "action_time": "2023-09-07T11:23:00.254Z",
      "user": 1,
      "content_type": null,
      "object_id": "1",
      "object_repr": ":-)",
      "action_flag": 2,
      "change_message": "[{\"changed\": {\"fields\": [\"Smiley icon\"]}}]"
    }
  },
  {
    "model": "admin.logentry",
    "pk": 21,
    "fields": {
      "action_time": "2023-09-07T11:23:20.814Z",
      "user": 1,
      "content_type": null,
      "object_id": "15",
      "object_repr": "Объявление: Прошлогодний снег 2021",
      "action_flag": 2,
      "change_message": "[{\"changed\": {\"fields\": [\"\\u041e\\u043f\\u0438\\u0441\\u0430\\u043d\\u0438\\u0435\"]}}]"
    }
  },
  {
    "model": "admin.logentry",
    "pk": 22,
    "fields": {
      "action_time": "2023-09-14T09:35:26.019Z",
      "user": 1,
      "content_type": null,
      "object_id": "19",
      "object_repr": "Объявление: С файлом",
      "action_flag": 2,
      "change_message": "[{\"changed\": {\"fields\": [\"\\u041e\\u043f\\u0438\\u0441\\u0430\\u043d\\u0438\\u0435\", \"Archive\"]}}]"
    }
  },
  {
    "model": "admin.logentry",
    "pk": 23,
    "fields": {
      "action_time": "2023-09-14T09:40:37.505Z",
      "user": 1,
      "content_type": null,
      "object_id": "19",
      "object_repr": "Объявление: С файлом",
      "action_flag": 2,
      "change_message": "[{\"changed\": {\"fields\": [\"\\u041e\\u043f\\u0438\\u0441\\u0430\\u043d\\u0438\\u0435\", \"Archive\"]}}]"
    }
  },
  {
    "model": "admin.logentry",
    "pk": 24,
    "fields": {
      "action_time": "2023-09-14T09:57:34.065Z",
      "user": 1,
      "content_type": null,
      "object_id": "21",
      "object_repr": "Объявление: Test 3",
      "action_flag": 3,
      "change_message": ""
    }
  },
  {
    "model": "admin.logentry",
    "pk": 25,
    "fields": {
      "action_time": "2023-09-14T09:57:45.577Z",
      "user": 1,
      "content_type": null,
      "object_id": "20",
      "object_repr": "Объявление: Ещё один",
      "action_flag": 3,
      "change_message": ""
    }
  },
  {
    "model": "admin.logentry",
    "pk": 26,
    "fields": {
      "action_time": "2023-09-14T10:00:02.938Z",
      "user": 1,
      "content_type": null,
      "object_id": "22",
      "object_repr": "Объявление: Test 4",
      "action_flag": 2,
      "change_message": "[{\"changed\": {\"fields\": [\"\\u041e\\u043f\\u0438\\u0441\\u0430\\u043d\\u0438\\u0435\", \"Archive\"]}}]"
    }
  },
  {
    "model": "admin.logentry",
    "pk": 27,
    "fields": {
      "action_time": "2023-09-14T10:01:07.633Z",
      "user": 1,
      "content_type": null,
      "object_id": "22",
      "object_repr": "Объявление: Test 4",
      "action_flag": 2,
      "change_message": "[{\"changed\": {\"fields\": [\"\\u041e\\u043f\\u0438\\u0441\\u0430\\u043d\\u0438\\u0435\", \"Archive\"]}}]"
    }
  },
  {
    "model": "admin.logentry",
    "pk": 28,
    "fields": {
      "action_time": "2023-09-14T10:01:57.801Z",
      "user": 1,
      "content_type": null,
      "object_id": "22",
      "object_repr": "Объявление: Test 4",
      "action_flag": 2,
      "change_message": "[{\"changed\": {\"fields\": [\"\\u041e\\u043f\\u0438\\u0441\\u0430\\u043d\\u0438\\u0435\", \"Archive\"]}}]"
    }
  },
  {
    "model": "admin.logentry",
    "pk": 29,
    "fields": {
      "action_time": "2023-09-14T10:06:24.496Z",
      "user": 1,
      "content_type": null,
      "object_id": "22",
      "object_repr": "Объявление: Test 4",
      "action_flag": 2,
      "change_message": "[{\"changed\": {\"fields\": [\"\\u041e\\u043f\\u0438\\u0441\\u0430\\u043d\\u0438\\u0435\", \"Archive\"]}}]"
    }
  },
  {
    "model": "admin.logentry",
    "pk": 30,
    "fields": {
      "action_time": "2023-09-14T11:20:59.337Z",
      "user": 1,
      "content_type": null,
      "object_id": "1",
      "object_repr": "Img object (1)",
      "action_flag": 2,
      "change_message": "[{\"changed\": {\"fields\": [\"\\u0418\\u0437\\u043e\\u0431\\u0440\\u0430\\u0436\\u0435\\u043d\\u0438\\u0435\"]}}]"
    }
  },
  {
    "model": "admin.logentry",
    "pk": 31,
    "fields": {
      "action_time": "2023-09-14T11:21:52.942Z",
      "user": 1,
      "content_type": null,
      "object_id": "4",
      "object_repr": "Img object (4)",
      "action_flag": 3,
      "change_message": ""
    }
  },
  {
    "model": "admin.logentry",
    "pk": 32,
    "fields": {
      "action_time": "2023-09-14T11:21:52.945Z",
      "user": 1,
      "content_type": null,
      "object_id": "3",
      "object_repr": "Img object (3)",
      "action_flag": 3,
      "change_message": ""
    }
  },
  {
    "model": "admin.logentry",
    "pk": 33,
    "fields": {
      "action_time": "2023-09-18T10:58:11.650Z",
      "user": 1,
      "content_type": null,
      "object_id": "23",
      "object_repr": "Объявление: To delete",
      "action_flag": 3,
      "change_message": ""
    }
  },
  {
    "model": "admin.logentry",
    "pk": 34,
    "fields": {
      "action_time": "2023-09-18T11:34:14.622Z",
      "user": 1,
      "content_type": null,
      "object_id": "23",
      "object_repr": "Объявление: Thumbnails",
      "action_flag": 2,
      "change_message": "[{\"changed\": {\"fields\": [\"\\u041e\\u043f\\u0438\\u0441\\u0430\\u043d\\u0438\\u0435\", \"\\u0418\\u0437\\u043e\\u0431\\u0440\\u0430\\u0436\\u0435\\u043d\\u0438\\u0435\"]}}]"
    }
  },
  {
    "model": "admin.logentry",
    "pk": 35,
    "fields": {
      "action_time": "2023-09-18T11:36:35.383Z",
      "user": 1,
      "content_type": null,
      "object_id": "23",
      "object_repr": "Объявление: Thumbnails",
      "action_flag": 2,
      "change_message": "[{\"changed\": {\"fields\": [\"\\u041e\\u043f\\u0438\\u0441\\u0430\\u043d\\u0438\\u0435\", \"\\u0418\\u0437\\u043e\\u0431\\u0440\\u0430\\u0436\\u0435\\u043d\\u0438\\u0435\"]}}]"
    }
  },
  {
    "model": "admin.logentry",
    "pk": 36,
    "fields": {
      "action_time": "2023-09-20T08:51:46.759Z",
      "user": 1,
      "content_type": null,
      "object_id": "25",
      "object_repr": "Объявление: тату студия",
      "action_flag": 3,
      "change_message": ""
    }
  },
  {
    "model": "admin.logentry",
    "pk": 37,
    "fields": {
      "action_time": "2023-09-20T08:51:46.764Z",
      "user": 1,
      "content_type": null,
      "object_id": "22",
      "object_repr": "Объявление: Test 4",
      "action_flag": 3,
      "change_message": ""
    }
  },
  {
    "model": "admin.logentry",
    "pk": 38,
    "fields": {
      "action_time": "2023-09-20T08:53:36.310Z",
      "user": 1,
      "content_type": null,
      "object_id": "15",
      "object_repr": "Объявление: Прошлогодний снег 2021",
      "action_flag": 3,
      "change_message": ""
    }
  },
  {
    "model": "admin.logentry",
    "pk": 39,
    "fields": {
      "action_time": "2023-09-20T08:56:00.504Z",
      "user": 1,
      "content_type": null,
      "object_id": "26",
      "object_repr": "Объявление: phone",
      "action_flag": 1,
      "change_message": "[{\"added\": {}}]"
    }
  },
  {
    "model": "admin.logentry",
    "pk": 40,
    "fields": {
      "action_time": "2023-09-20T08:56:56.933Z",
      "user": 1,
      "content_type": null,
      "object_id": "18",
      "object_repr": "Объявление: Каптча тест",
      "action_flag": 3,
      "change_message": ""
    }
  },
  {
    "model": "admin.logentry",
    "pk": 41,
    "fields": {
      "action_time": "2023-09-20T08:56:56.939Z",
      "user": 1,
      "content_type": null,
      "object_id": "17",
      "object_repr": "Объявление: Жёлтый снег",
      "action_flag": 3,
      "change_message": ""
    }
  },
  {
    "model": "admin.logentry",
    "pk": 42,
    "fields": {
      "action_time": "2023-09-20T08:56:56.942Z",
      "user": 1,
      "content_type": null,
      "object_id": "14",
      "object_repr": "Объявление: Симка",
      "action_flag": 3,
      "change_message": ""
    }
  },
  {
    "model": "admin.logentry",
    "pk": 43,
    "fields": {
      "action_time": "2023-09-20T08:56:56.946Z",
      "user": 1,
      "content_type": null,
      "object_id": "10",
      "object_repr": "Объявление: Какой-то товар",
      "action_flag": 3,
      "change_message": ""
    }
  },
  {
    "model": "auth.group",
    "pk": 1,
    "fields": {
      "name": "Модераторы",
      "permissions": []
    }
  },
  {
    "model": "auth.user",
    "pk": 1,
    "fields": {
      "password": "pbkdf2_sha256$600000$phiKK1iNh1x9FGbyDpfyZQ$/AkMG4mA+17UsamtI9mKUHbEGnyszju7QnWM4SZyEbI=",
      "last_login": "2023-09-20T08:44:46.836Z",
      "is_superuser": true,
      "username": "admin",
      "first_name": "",
      "last_name": "",
      "email": "admin@bb.local",
      "is_staff": true,
      "is_active": true,
      "date_joined": "2023-05-17T11:18:26.719Z",
      "groups": [],
      "user_permissions": []
    }
  },
  {
    "model": "auth.user",
    "pk": 2,
    "fields": {
      "password": "pbkdf2_sha256$600000$nTb0XYidOpqf1uoneDoFH6$gi9bvrBG6CL0rHjnb0/8z2CW5TAAZvw03gjo4gqFBTo=",
      "last_login": null,
      "is_superuser": false,
      "username": "beaver",
      "first_name": "",
      "last_name": "",
      "email": "",
      "is_staff": false,
      "is_active": true,
      "date_joined": "2023-06-05T10:55:38.742Z",
      "groups": [],
      "user_permissions": []
    }
  },
  {
    "model": "auth.user",
    "pk": 3,
    "fields": {
      "password": "",
      "last_login": null,
      "is_superuser": false,
      "username": "admin23",
      "first_name": "Админушка",
      "last_name": "Админская",
      "email": "admin23@mail.kz",
      "is_staff": false,
      "is_active": true,
      "date_joined": "2023-08-14T11:31:48.264Z",
      "groups": [],
      "user_permissions": []
    }
  },
  {
    "model": "auth.user",
    "pk": 4,
    "fields": {
      "password": "pbkdf2_sha256$600000$I6mqu4iFClp8JVbYot9H0O$kMkYDKaCXo7pHRLfANG/f1rbo72FgA6qfdNgNUJeZuQ=",
      "last_login": "2023-08-14T11:39:52.865Z",
      "is_superuser": false,
      "username": "admin123",
      "first_name": "Админушка",
      "last_name": "Админская",
      "email": "admin123@mail.kz",
      "is_staff": false,
      "is_active": true,
      "date_joined": "2023-08-14T11:39:45.007Z",
      "groups": [],
      "user_permissions": []
    }
  },
  {
    "model": "sessions.session",
    "pk": "3cq8vrvhtuhqmprxsavuo6gr36epj9bq",
    "fields": {
      "session_data": ".eJxVjEEOwiAQRe_C2hAYGEpduvcMZIBBqoYmpV0Z765NutDtf-_9lwi0rTVsnZcwZXEWWpx-t0jpwW0H-U7tNss0t3WZotwVedAur3Pm5-Vw_w4q9fqtDTrOOpY0AI1GA5SkDTkFmLxzYJGjscoWRijo0UZmADBOaUejH7R4fwDN0jbU:1qeBmT:NLgotMA-sNpjC9YXqcjwv0FCnyZdRey45IKWiTOMBTk",
      "expire_date": "2023-09-21T09:58:33.700Z"
    }
  },
  {
    "model": "sessions.session",
    "pk": "61uqfdsgxhgm7wr2ypoc720lvzhegqoq",
    "fields": {
      "session_data": ".eJxVjEEOwiAQRe_C2hAYGEpduvcMZIBBqoYmpV0Z765NutDtf-_9lwi0rTVsnZcwZXEWWpx-t0jpwW0H-U7tNss0t3WZotwVedAur3Pm5-Vw_w4q9fqtDTrOOpY0AI1GA5SkDTkFmLxzYJGjscoWRijo0UZmADBOaUejH7R4fwDN0jbU:1qYlz4:Bl37ULfo16PV6lQ8gfdvtRHA71nL7QPpOKlciB6O4mg",
      "expire_date": "2023-09-06T11:25:10.978Z"
    }
  },
  {
    "model": "sessions.session",
    "pk": "832i0ctglig6r2rm08rd7r8wow13iksy",
    "fields": {
      "session_data": ".eJxVjMsOwiAQRf-FtSEzLSC4dO83kBkeUjWQlHZl_HfbpAvd3nPOfQtP61L82tPspyguAsXpd2MKz1R3EB9U702GVpd5Yrkr8qBd3lpMr-vh_h0U6mWrAQFsGJkZnNZWDVlbVjzEjIDqnHNyZBzqMYzgGMlsOBMTaeOsoig-X8xvN8I:1qYkyP:3K4ERnSPeH1HMnzdgGjjx-jpDZQi3IuzyUR9U_2hjfM",
      "expire_date": "2023-09-06T10:20:25.244Z"
    }
  },
  {
    "model": "sessions.session",
    "pk": "e8bei9ilyos8bs4tb8z1so50ty4ujx32",
    "fields": {
      "session_data": ".eJxVjEEOwiAQRe_C2hAYGEpduvcMZIBBqoYmpV0Z765NutDtf-_9lwi0rTVsnZcwZXEWWpx-t0jpwW0H-U7tNss0t3WZotwVedAur3Pm5-Vw_w4q9fqtDTrOOpY0AI1GA5SkDTkFmLxzYJGjscoWRijo0UZmADBOaUejH7R4fwDN0jbU:1qispC:NDHSIOdjNjGU_YAMb4GMfhLhxM-uC-8oApVRLXZSLrQ",
      "expire_date": "2023-10-04T08:44:46.836Z"
    }
  },
  {
    "model": "sessions.session",
    "pk": "jksb55u29mty6uu03hd1dpdmnlobwg9t",
    "fields": {
      "session_data": ".eJxVjMsOwiAQRf-FtSEzLSC4dO83kBkeUjWQlHZl_HfbpAvd3nPOfQtP61L82tPspyguAsXpd2MKz1R3EB9U702GVpd5Yrkr8qBd3lpMr-vh_h0U6mWrAQFsGJkZnNZWDVlbVjzEjIDqnHNyZBzqMYzgGMlsOBMTaeOsoig-X8xvN8I:1pzFJG:3Yld1BeoHE3Dy1-YFzbBK5g8xpXUEsO2ovQNj0p2M8g",
      "expire_date": "2023-05-31T11:27:10.019Z"
    }
  },
  {
    "model": "sessions.session",
    "pk": "zvhfyv8m3lxgtw1dpvhoowtzbkcbwf68",
    "fields": {
      "session_data": ".eJxVjEEOwiAQRe_C2hAYGEpduvcMZIBBqoYmpV0Z765NutDtf-_9lwi0rTVsnZcwZXEWWpx-t0jpwW0H-U7tNss0t3WZotwVedAur3Pm5-Vw_w4q9fqtDTrOOpY0AI1GA5SkDTkFmLxzYJGjscoWRijo0UZmADBOaUejH7R4fwDN0jbU:1qiAOt:5LRiqdcgt6q9UO2y-GOZEZgQ4E1LlxMtBQ5TW23Vcg0",
      "expire_date": "2023-10-02T09:18:39.182Z"
    }
  },
  {
    "model": "captcha.captchastore",
    "pk": 37,
    "fields": {
      "challenge": "ZPVMUH",
      "response": "zpvmuh",
      "hashkey": "c8c74959ed25a020f137f7a32eab1b775ab7caeb",
      "expiration": "2023-09-20T08:54:46.918Z"
    }
  },
  {
    "model": "precise_bbcode.smileytag",
    "pk": 1,
    "fields": {
      "code": ":-)",
      "image": "static/precise_bbcode/smilies/bg.jpg",
      "image_width": 24,
      "image_height": 24,
      "emotion": null,
      "display_on_editor": true
    }
  },
  {
    "model": "easy_thumbnails.source",
    "pk": 1,
    "fields": {
      "storage_hash": "0d677af76ca5bf5575d614e04932c3a4",
      "name": "4-youtube-v-rezhime-kartinka-v-kartinke-windows111695037052.751847.jpg",
      "modified": "2023-09-18T11:44:48.476Z"
    }
  },
  {
    "model": "easy_thumbnails.source",
    "pk": 2,
    "fields": {
      "storage_hash": "0d677af76ca5bf5575d614e04932c3a4",
      "name": "4-youtube-v-rezhime-kartinka-v-kartinke-windows111695036995.376119.jpg",
      "modified": "2023-09-20T08:39:41.480Z"
    }
  },
  {
    "model": "easy_thumbnails.source",
    "pk": 3,
    "fields": {
      "storage_hash": "0d677af76ca5bf5575d614e04932c3a4",
      "name": "salad21695199724.855871.jpg",
      "modified": "2023-09-20T08:48:46.063Z"
    }
  },
  {
    "model": "easy_thumbnails.thumbnail",
    "pk": 1,
    "fields": {
      "storage_hash": "d26becbf46ac48eda79c7a39a13a02dd",
      "name": "thumbs\\4-youtube-v-rezhime-kartinka-v-kartinke-windows111695037052.751847.jpg.500x300_q85ss1_crop-scale.jpg",
      "modified": "2023-09-18T11:44:48.481Z",
      "source": 1
    }
  },
  {
    "model": "easy_thumbnails.thumbnail",
    "pk": 2,
    "fields": {
      "storage_hash": "d26becbf46ac48eda79c7a39a13a02dd",
      "name": "thumbs\\4-youtube-v-rezhime-kartinka-v-kartinke-windows111695036995.376119.jpg.500x300_q85ss1_crop-scale.jpg",
      "modified": "2023-09-20T08:39:41.498Z",
      "source": 2
    }
  },
  {
    "model": "easy_thumbnails.thumbnail",
    "pk": 3,
    "fields": {
      "storage_hash": "d26becbf46ac48eda79c7a39a13a02dd",
      "name": "thumbs\\salad21695199724.855871.jpg.500x300_q85ss1_crop-scale.jpg",
      "modified": "2023-09-20T08:48:46.068Z",
      "source": 3
    }
  },
  {
    "model": "bboard.rubric",
    "pk": 1,
    "fields": {
      "name": "Недвижимость"
    }
  },
  {
    "model": "bboard.rubric",
    "pk": 2,
    "fields": {
      "name": "Транспорт"
    }
  },
  {
    "model": "bboard.rubric",
    "pk": 3,
    "fields": {
      "name": "Бытовая техника"
    }
  },
  {
    "model": "bboard.rubric",
    "pk": 4,
    "fields": {
      "name": "Сельхозтехника"
    }
  },
  {
    "model": "bboard.rubric",
    "pk": 5,
    "fields": {
      "name": "Мебель"
    }
  },
  {
    "model": "bboard.rubric",
    "pk": 6,
    "fields": {
      "name": "Сантехника"
    }
  },
  {
    "model": "bboard.rubric",
    "pk": 7,
    "fields": {
      "name": "Растения"
    }
  },
  {
    "model": "bboard.bb",
    "pk": 1,
    "fields": {
      "rubric": 1,
      "title": "Дача",
      "kind": "s",
      "_content_rendered": "Лень писать",
      "content": "Лень писать",
      "price": 500000.0,
      "published": "2023-05-17T11:18:26.703Z",
      "picture": ""
    }
  },
  {
    "model": "bboard.bb",
    "pk": 2,
    "fields": {
      "rubric": 2,
      "title": "Бобёр ездовой",
      "kind": "s",
      "_content_rendered": "Плохо строит плотины",
      "content": "Плохо строит плотины",
      "price": 2777.5,
      "published": "2023-05-17T11:18:26.703Z",
      "picture": ""
    }
  },
  {
    "model": "bboard.bb",
    "pk": 4,
    "fields": {
      "rubric": 5,
      "title": "Диван",
      "kind": "s",
      "_content_rendered": "Продавленный",
      "content": "Продавленный",
      "price": 100.0,
      "published": "2023-05-24T09:37:03.541Z",
      "picture": ""
    }
  },
  {
    "model": "bboard.bb",
    "pk": 5,
    "fields": {
      "rubric": 6,
      "title": "раковина",
      "kind": "s",
      "_content_rendered": "сильно битая",
      "content": "сильно битая",
      "price": 49.5,
      "published": "2023-05-24T09:40:17.863Z",
      "picture": ""
    }
  },
  {
    "model": "bboard.bb",
    "pk": 6,
    "fields": {
      "rubric": 4,
      "title": "Мотыга",
      "kind": "s",
      "_content_rendered": "Ржавая",
      "content": "Ржавая",
      "price": 49.5,
      "published": "2023-05-24T09:45:21.460Z",
      "picture": ""
    }
  },
  {
    "model": "bboard.bb",
    "pk": 7,
    "fields": {
      "rubric": 4,
      "title": "Лопата",
      "kind": "s",
      "_content_rendered": "Почти новая",
      "content": "Почти новая",
      "price": 500.0,
      "published": "2023-05-24T09:49:24.986Z",
      "picture": ""
    }
  },
  {
    "model": "bboard.bb",
    "pk": 8,
    "fields": {
      "rubric": 3,
      "title": "Пылесос",
      "kind": "s",
      "_content_rendered": "Хороший, мощный",
      "content": "Хороший, мощный",
      "price": 500.0,
      "published": "2023-05-24T11:32:44.018Z",
      "picture": ""
    }
  },
  {
    "model": "bboard.bb",
    "pk": 9,
    "fields": {
      "rubric": 3,
      "title": "Стиральная машина",
      "kind": "s",
      "_content_rendered": "Автоматическая",
      "content": "Автоматическая",
      "price": 500.0,
      "published": "2023-05-24T11:32:44.018Z",
      "picture": ""
    }
  },
  {
    "model": "bboard.bb",
    "pk": 11,
    "fields": {
      "rubric": 7,
      "title": "Ещё один",
      "kind": "s",
      "_content_rendered": "Ещё один",
      "content": "Ещё один",
      "price": 6.0,
      "published": "2023-06-12T10:09:03.058Z",
      "picture": ""
    }
  },
  {
    "model": "bboard.bb",
    "pk": 12,
    "fields": {
      "rubric": 1,
      "title": "Книга",
      "kind": "s",
      "_content_rendered": "Очень толстая",
      "content": "Очень толстая",
      "price": 100500.0,
      "published": "2023-06-14T09:37:06.493Z",
      "picture": ""
    }
  },
  {
    "model": "bboard.bb",
    "pk": 13,
    "fields": {
      "rubric": 7,
      "title": "Бублик",
      "kind": "s",
      "_content_rendered": "В нём есть дырка",
      "content": "В нём есть дырка",
      "price": 0.0,
      "published": "2023-06-14T10:59:07.138Z",
      "picture": ""
    }
  },
  {
    "model": "bboard.bb",
    "pk": 19,
    "fields": {
      "rubric": 6,
      "title": "С файлом",
      "kind": "s",
      "_content_rendered": "Проверяем загрузку файлов",
      "content": "Проверяем загрузку файлов",
      "price": 45.0,
      "published": "2023-09-14T09:33:26.139Z",
      "picture": ""
    }
  },
  {
    "model": "bboard.bb",
    "pk": 23,
    "fields": {
      "rubric": 1,
      "title": "Thumbnails",
      "kind": "s",
      "_content_rendered": "Thumbnails Test",
      "content": "Thumbnails Test",
      "price": 34525.0,
      "published": "2023-09-18T11:29:24.192Z",
      "picture": "4-youtube-v-rezhime-kartinka-v-kartinke-windows111695036995.376119.jpg"
    }
  },
  {
    "model": "bboard.bb",
    "pk": 24,
    "fields": {
      "rubric": 5,
      "title": "Thumbs2",
      "kind": "s",
      "_content_rendered": "Thumbs2 Test",
      "content": "Thumbs2 Test",
      "price": 4564.0,
      "published": "2023-09-18T11:37:32.751Z",
      "picture": "4-youtube-v-rezhime-kartinka-v-kartinke-windows111695037052.751847.jpg"
    }
  },
  {
    "model": "bboard.bb",
    "pk": 26,
    "fields": {
      "rubric": 3,
      "title": "phone",
      "kind": "b",
      "_content_rendered": "iphone 15 pro max",
      "content": "iphone 15 pro max",
      "price": 1200000.0,
      "published": "2023-09-20T08:56:00.504Z",
      "picture": "iphon1695200160.504041.jpg"
    }
  },
  {
    "model": "testapp.advuser",
    "pk": 1,
    "fields": {
      "is_activated": true,
      "user": 1
    }
  },
  {
    "model": "testapp.spare",
    "pk": 1,
    "fields": {
      "name": "Болт"
    }
  },
  {
    "model": "testapp.spare",
    "pk": 2,
    "fields": {
      "name": "Гайка"
    }
  },
  {
    "model": "testapp.spare",
    "pk": 3,
    "fields": {
      "name": "Шайба"
    }
  },
  {
    "model": "testapp.spare",
    "pk": 4,
    "fields": {
      "name": "Шпилька"
    }
  },
  {
    "model": "testapp.machine",
    "pk": 1,
    "fields": {
      "name": "Самосвал"
    }
  },
  {
    "model": "testapp.machine",
    "pk": 2,
    "fields": {
      "name": "Тепловоз"
    }
  },
  {
    "model": "testapp.kit",
    "pk": 1,
    "fields": {
      "machine": 1,
      "spare": 1,
      "count": 5
    }
  },
  {
    "model": "testapp.kit",
    "pk": 2,
    "fields": {
      "machine": 1,
      "spare": 2,
      "count": 100
    }
  },
  {
    "model": "testapp.kit",
    "pk": 4,
    "fields": {
      "machine": 2,
      "spare": 1,
      "count": 49
    }
  },
  {
    "model": "testapp.kit",
    "pk": 5,
    "fields": {
      "machine": 2,
      "spare": 3,
      "count": 49
    }
  },
  {
    "model": "testapp.sms",
    "pk": 1,
    "fields": {
      "comment": "Привет, бобры!",
      "sender": 1,
      "receiver": 2
    }
  },
  {
    "model": "testapp.img",
    "pk": 1,
    "fields": {
      "img": "bg1694690620.317004.jpg",
      "desc": "Картинко"
    }
  },
  {
    "model": "testapp.img",
    "pk": 2,
    "fields": {
      "img": "94132137-7d4fc100-fe7c-11ea-8512-69f90cb65e481694689663.60629.gif",
      "desc": "Гифка"
    }
  }
]