[{"model": "admin.logentry", "pk": 1, "fields": {"action_time": "2023-06-05T10:55:39.032Z", "user": 1, "content_type": null, "object_id": "2", "object_repr": "beaver", "action_flag": 1, "change_message": "[{\"added\": {}}]"}}, {"model": "admin.logentry", "pk": 2, "fields": {"action_time": "2023-08-23T09:30:24.071Z", "user": 1, "content_type": null, "object_id": "1", "object_repr": "Модераторы", "action_flag": 1, "change_message": "[{\"added\": {}}]"}}, {"model": "admin.logentry", "pk": 3, "fields": {"action_time": "2023-09-07T09:50:45.736Z", "user": 1, "content_type": null, "object_id": "4", "object_repr": "admin123", "action_flag": 2, "change_message": "[{\"changed\": {\"fields\": [\"Staff status\", \"Superuser status\"]}}]"}}, {"model": "admin.logentry", "pk": 4, "fields": {"action_time": "2023-09-07T10:30:54.450Z", "user": 1, "content_type": null, "object_id": "15", "object_repr": "Объявление: Прошлогодний снег 2021", "action_flag": 2, "change_message": "[{\"changed\": {\"fields\": [\"\\u041e\\u043f\\u0438\\u0441\\u0430\\u043d\\u0438\\u0435\", \"\\u0426\\u0435\\u043d\\u0430\"]}}]"}}, {"model": "admin.logentry", "pk": 5, "fields": {"action_time": "2023-09-07T10:32:56.233Z", "user": 1, "content_type": null, "object_id": "15", "object_repr": "Объявление: Прошлогодний снег 2021", "action_flag": 2, "change_message": "[{\"changed\": {\"fields\": [\"\\u041e\\u043f\\u0438\\u0441\\u0430\\u043d\\u0438\\u0435\"]}}]"}}, {"model": "admin.logentry", "pk": 6, "fields": {"action_time": "2023-09-07T10:33:37.694Z", "user": 1, "content_type": null, "object_id": "15", "object_repr": "Объявление: Прошлогодний снег 2021", "action_flag": 2, "change_message": "[{\"changed\": {\"fields\": [\"\\u041e\\u043f\\u0438\\u0441\\u0430\\u043d\\u0438\\u0435\"]}}]"}}, {"model": "admin.logentry", "pk": 7, "fields": {"action_time": "2023-09-14T09:41:07.060Z", "user": 1, "content_type": null, "object_id": "21", "object_repr": "Объявление: tjrtrhe", "action_flag": 2, "change_message": "[{\"changed\": {\"fields\": [\"\\u041e\\u043f\\u0438\\u0441\\u0430\\u043d\\u0438\\u0435\", \"Achive\"]}}]"}}, {"model": "admin.logentry", "pk": 8, "fields": {"action_time": "2023-09-14T09:43:42.397Z", "user": 1, "content_type": null, "object_id": "22", "object_repr": "Объявление: gffh,gh,", "action_flag": 2, "change_message": "[{\"changed\": {\"fields\": [\"\\u041e\\u043f\\u0438\\u0441\\u0430\\u043d\\u0438\\u0435\", \"Achive\"]}}]"}}, {"model": "admin.logentry", "pk": 9, "fields": {"action_time": "2023-09-14T10:02:04.997Z", "user": 1, "content_type": null, "object_id": "23", "object_repr": "Объявление: fhmfmh", "action_flag": 2, "change_message": "[{\"changed\": {\"fields\": [\"\\u041e\\u043f\\u0438\\u0441\\u0430\\u043d\\u0438\\u0435\", \"Achive\"]}}]"}}, {"model": "admin.logentry", "pk": 10, "fields": {"action_time": "2023-09-14T10:04:19.987Z", "user": 1, "content_type": null, "object_id": "23", "object_repr": "Объявление: fhmfmh", "action_flag": 3, "change_message": ""}}, {"model": "admin.logentry", "pk": 11, "fields": {"action_time": "2023-09-14T10:04:20.003Z", "user": 1, "content_type": null, "object_id": "22", "object_repr": "Объявление: gffh,gh,", "action_flag": 3, "change_message": ""}}, {"model": "admin.logentry", "pk": 12, "fields": {"action_time": "2023-09-14T10:04:20.004Z", "user": 1, "content_type": null, "object_id": "21", "object_repr": "Объявление: tjrtrhe", "action_flag": 3, "change_message": ""}}, {"model": "admin.logentry", "pk": 13, "fields": {"action_time": "2023-09-14T10:04:20.006Z", "user": 1, "content_type": null, "object_id": "20", "object_repr": "Объявление: картинка", "action_flag": 3, "change_message": ""}}, {"model": "auth.group", "pk": 1, "fields": {"name": "Модераторы", "permissions": []}}, {"model": "auth.user", "pk": 1, "fields": {"password": "pbkdf2_sha256$600000$DoiI8iF5Fmm1bLQqQP7dvN$GmXMr5G5B16i63vix9pfoyWMoYuNFQDESBPC6SpUrR0=", "last_login": "2023-09-07T09:52:23.042Z", "is_superuser": true, "username": "admin", "first_name": "", "last_name": "", "email": "admin@bb.local", "is_staff": true, "is_active": true, "date_joined": "2023-05-17T11:18:26.719Z", "groups": [], "user_permissions": []}}, {"model": "auth.user", "pk": 2, "fields": {"password": "pbkdf2_sha256$600000$nTb0XYidOpqf1uoneDoFH6$gi9bvrBG6CL0rHjnb0/8z2CW5TAAZvw03gjo4gqFBTo=", "last_login": null, "is_superuser": false, "username": "beaver", "first_name": "", "last_name": "", "email": "", "is_staff": false, "is_active": true, "date_joined": "2023-06-05T10:55:38.742Z", "groups": [], "user_permissions": []}}, {"model": "auth.user", "pk": 3, "fields": {"password": "", "last_login": null, "is_superuser": false, "username": "admin23", "first_name": "Админушка", "last_name": "Админская", "email": "admin23@mail.kz", "is_staff": false, "is_active": true, "date_joined": "2023-08-14T11:31:48.264Z", "groups": [], "user_permissions": []}}, {"model": "auth.user", "pk": 4, "fields": {"password": "pbkdf2_sha256$600000$I6mqu4iFClp8JVbYot9H0O$kMkYDKaCXo7pHRLfANG/f1rbo72FgA6qfdNgNUJeZuQ=", "last_login": "2023-08-14T11:39:52Z", "is_superuser": true, "username": "admin123", "first_name": "Админушка", "last_name": "Админская", "email": "admin123@mail.kz", "is_staff": true, "is_active": true, "date_joined": "2023-08-14T11:39:45Z", "groups": [], "user_permissions": []}}, {"model": "sessions.session", "pk": "61uqfdsgxhgm7wr2ypoc720lvzhegqoq", "fields": {"session_data": ".eJxVjEEOwiAQRe_C2hAYGEpduvcMZIBBqoYmpV0Z765NutDtf-_9lwi0rTVsnZcwZXEWWpx-t0jpwW0H-U7tNss0t3WZotwVedAur3Pm5-Vw_w4q9fqtDTrOOpY0AI1GA5SkDTkFmLxzYJGjscoWRijo0UZmADBOaUejH7R4fwDN0jbU:1qYlz4:Bl37ULfo16PV6lQ8gfdvtRHA71nL7QPpOKlciB6O4mg", "expire_date": "2023-09-06T11:25:10.978Z"}}, {"model": "sessions.session", "pk": "832i0ctglig6r2rm08rd7r8wow13iksy", "fields": {"session_data": ".eJxVjMsOwiAQRf-FtSEzLSC4dO83kBkeUjWQlHZl_HfbpAvd3nPOfQtP61L82tPspyguAsXpd2MKz1R3EB9U702GVpd5Yrkr8qBd3lpMr-vh_h0U6mWrAQFsGJkZnNZWDVlbVjzEjIDqnHNyZBzqMYzgGMlsOBMTaeOsoig-X8xvN8I:1qYkyP:3K4ERnSPeH1HMnzdgGjjx-jpDZQi3IuzyUR9U_2hjfM", "expire_date": "2023-09-06T10:20:25.244Z"}}, {"model": "sessions.session", "pk": "d7dtmvy5hsf6u2ju6w0hmp0spj2vfuwp", "fields": {"session_data": ".eJxVjMEOwiAQRP-FsyECLqhH7_0GsssuUjWQlPZk_HfbpAe9zGHem3mriMtc4tJliiOrqzLq8NsRpqfUDfAD673p1Oo8jaQ3Re-066GxvG67-3dQsJd1fQRnCJDYn8ABBAExmD0Y7ynkNRMI-0zGWpOEIaRzyMTOwoV9CKQ-X9elN9o:1qeBgV:Skfe5FBXk6CB13pYfapL0JLfpvOU2QdqHgIzPMQFYWg", "expire_date": "2023-09-21T09:52:23.044Z"}}, {"model": "sessions.session", "pk": "jksb55u29mty6uu03hd1dpdmnlobwg9t", "fields": {"session_data": ".eJxVjMsOwiAQRf-FtSEzLSC4dO83kBkeUjWQlHZl_HfbpAvd3nPOfQtP61L82tPspyguAsXpd2MKz1R3EB9U702GVpd5Yrkr8qBd3lpMr-vh_h0U6mWrAQFsGJkZnNZWDVlbVjzEjIDqnHNyZBzqMYzgGMlsOBMTaeOsoig-X8xvN8I:1pzFJG:3Yld1BeoHE3Dy1-YFzbBK5g8xpXUEsO2ovQNj0p2M8g", "expire_date": "2023-05-31T11:27:10.019Z"}}, {"model": "sessions.session", "pk": "mm4y7kltou9cyjlwowda3k030yd6mrcp", "fields": {"session_data": ".eJxVjMEOwiAQRP-FsyECLqhH7_0GsssuUjWQlPZk_HfbpAe9zGHem3mriMtc4tJliiOrqzLq8NsRpqfUDfAD673p1Oo8jaQ3Re-066GxvG67-3dQsJd1fQRnCJDYn8ABBAExmD0Y7ynkNRMI-0zGWpOEIaRzyMTOwoV9CKQ-X9elN9o:1qd5oL:-kkRzu2jiQhwfPmWo-P7cl_Zp5Bs_8NEex0m0oasPgc", "expire_date": "2023-09-18T09:23:57.483Z"}}, {"model": "sessions.session", "pk": "mnenqa147bffc6rp8lzrbwqjwqtu5c6z", "fields": {"session_data": ".eJxVjMEOwiAQRP-FsyECLqhH7_0GsssuUjWQlPZk_HfbpAe9zGHem3mriMtc4tJliiOrqzLq8NsRpqfUDfAD673p1Oo8jaQ3Re-066GxvG67-3dQsJd1fQRnCJDYn8ABBAExmD0Y7ynkNRMI-0zGWpOEIaRzyMTOwoV9CKQ-X9elN9o:1qZ8Km:MslNpZVzn8G-j1T2xp5n2hndM6Nt8P1Txk09psyp_ho", "expire_date": "2023-09-07T11:17:04.295Z"}}, {"model": "bboard.rubric", "pk": 1, "fields": {"name": "Недвижимость"}}, {"model": "bboard.rubric", "pk": 2, "fields": {"name": "Транспорт"}}, {"model": "bboard.rubric", "pk": 3, "fields": {"name": "Бытовая техника"}}, {"model": "bboard.rubric", "pk": 4, "fields": {"name": "Сельхозтехника"}}, {"model": "bboard.rubric", "pk": 5, "fields": {"name": "Мебель"}}, {"model": "bboard.rubric", "pk": 6, "fields": {"name": "Сантехника"}}, {"model": "bboard.rubric", "pk": 7, "fields": {"name": "Растения"}}, {"model": "bboard.bb", "pk": 1, "fields": {"rubric": 1, "title": "Дача", "kind": "s", "_content_rendered": null, "content": "Лень писать", "price": 500000.0, "published": "2023-05-17T11:18:26.703Z"}}, {"model": "bboard.bb", "pk": 2, "fields": {"rubric": 2, "title": "Бобёр ездовой", "kind": "s", "_content_rendered": null, "content": "Плохо строит плотины", "price": 2777.5, "published": "2023-05-17T11:18:26.703Z"}}, {"model": "bboard.bb", "pk": 4, "fields": {"rubric": 5, "title": "Диван", "kind": "s", "_content_rendered": null, "content": "Продавленный", "price": 100.0, "published": "2023-05-24T09:37:03.541Z"}}, {"model": "bboard.bb", "pk": 5, "fields": {"rubric": 6, "title": "раковина", "kind": "s", "_content_rendered": null, "content": "сильно битая", "price": 49.5, "published": "2023-05-24T09:40:17.863Z"}}, {"model": "bboard.bb", "pk": 6, "fields": {"rubric": 4, "title": "Мотыга", "kind": "s", "_content_rendered": null, "content": "Ржавая", "price": 49.5, "published": "2023-05-24T09:45:21.460Z"}}, {"model": "bboard.bb", "pk": 7, "fields": {"rubric": 4, "title": "Лопата", "kind": "s", "_content_rendered": null, "content": "Почти новая", "price": 500.0, "published": "2023-05-24T09:49:24.986Z"}}, {"model": "bboard.bb", "pk": 8, "fields": {"rubric": 3, "title": "Пылесос", "kind": "s", "_content_rendered": null, "content": "Хороший, мощный", "price": 500.0, "published": "2023-05-24T11:32:44.018Z"}}, {"model": "bboard.bb", "pk": 9, "fields": {"rubric": 3, "title": "Стиральная машина", "kind": "s", "_content_rendered": null, "content": "Автоматическая", "price": 500.0, "published": "2023-05-24T11:32:44.018Z"}}, {"model": "bboard.bb", "pk": 10, "fields": {"rubric": 7, "title": "Какой-то товар", "kind": "s", "_content_rendered": null, "content": "Что-то продаётся", "price": 1.0000005756785787e+22, "published": "2023-06-12T09:52:57.842Z"}}, {"model": "bboard.bb", "pk": 11, "fields": {"rubric": 7, "title": "Ещё один", "kind": "s", "_content_rendered": null, "content": "Ещё один", "price": 6.0, "published": "2023-06-12T10:09:03.058Z"}}, {"model": "bboard.bb", "pk": 12, "fields": {"rubric": 1, "title": "Книга", "kind": "s", "_content_rendered": null, "content": "Очень толстая", "price": 100500.0, "published": "2023-06-14T09:37:06.493Z"}}, {"model": "bboard.bb", "pk": 13, "fields": {"rubric": 7, "title": "Бублик", "kind": "s", "_content_rendered": null, "content": "В нём есть дырка", "price": 0.0, "published": "2023-06-14T10:59:07.138Z"}}, {"model": "bboard.bb", "pk": 14, "fields": {"rubric": 4, "title": "Симка", "kind": "s", "_content_rendered": null, "content": "Хамка", "price": 2.0, "published": "2023-08-16T09:47:48.102Z"}}, {"model": "bboard.bb", "pk": 15, "fields": {"rubric": 1, "title": "Прошлогодний снег 2021", "kind": "s", "_content_rendered": null, "content": "[color=red]Очень [/color][s]прошлогодний[/s], просто [i]позапрошлогодний[/i].[b]Очень прошлогодний[/b]\r\n[list=I]\r\n[*]Очень прошлогодний,\r\n[*]просто позапрошлогодний\r\n[/list]", "price": 350.0, "published": "2023-08-16T09:55:34.266Z"}}, {"model": "bboard.bb", "pk": 17, "fields": {"rubric": 1, "title": "Жёлтый снег", "kind": "s", "_content_rendered": null, "content": "Не употреблять в пищу", "price": 999.0, "published": "2023-08-21T10:57:06.653Z"}}, {"model": "bboard.bb", "pk": 18, "fields": {"rubric": 1, "title": "тату студия", "kind": "s", "_content_rendered": null, "content": "we", "price": 20000.0, "published": "2023-09-04T10:53:14.549Z"}}, {"model": "bboard.bb", "pk": 19, "fields": {"rubric": 1, "title": "trsey45ey", "kind": "s", "_content_rendered": "<span style=\"color:red;\">Очень </span><strike>прошлогодний</strike>, просто <em>позапрошлогодний</em>.<strong>Очень прошлогодний</strong> <ol style=\"list-style-type:upper-roman;\"><li>Очень прошлогодний,</li><li>просто позапрошлогодний</li></ol>", "content": "[color=red]Очень [/color][s]прошлогодний[/s], просто [i]позапрошлогодний[/i].[b]Очень прошлогодний[/b] [list=I] [*]Очень прошлогодний, [*]просто позапрошлогодний [/list]", "price": 21872.0, "published": "2023-09-07T11:06:38.265Z"}}, {"model": "bboard.bb", "pk": 25, "fields": {"rubric": 5, "title": "картинка", "kind": "s", "_content_rendered": "картинка", "content": "картинка", "price": 475.0, "published": "2023-09-14T10:12:18.803Z"}}, {"model": "bboard.bb", "pk": 26, "fields": {"rubric": 5, "title": "картинка", "kind": "s", "_content_rendered": "картинка", "content": "картинка", "price": 475.0, "published": "2023-09-14T10:14:06.374Z"}}, {"model": "bboard.bb", "pk": 27, "fields": {"rubric": 5, "title": "картинка", "kind": "s", "_content_rendered": "фцупрыпр", "content": "фцупрыпр", "price": 45.0, "published": "2023-09-14T10:24:19.261Z"}}, {"model": "bboard.bb", "pk": 28, "fields": {"rubric": 3, "title": "herjst6", "kind": "s", "_content_rendered": "etjykrsrt6", "content": "etjykrsrt6", "price": 45.0, "published": "2023-09-14T10:27:15.120Z"}}, {"model": "bboard.bb", "pk": 29, "fields": {"rubric": 5, "title": "lyuyili", "kind": "s", "_content_rendered": "yul", "content": "yul", "price": 15.0, "published": "2023-09-14T10:34:11.670Z"}}, {"model": "bboard.bb", "pk": 30, "fields": {"rubric": 5, "title": "g,jug,ju", "kind": "s", "_content_rendered": "gtu,ddu", "content": "gtu,ddu", "price": 15.0, "published": "2023-09-14T10:37:57.967Z"}}, {"model": "testapp.advuser", "pk": 1, "fields": {"is_activated": true, "user": 1}}, {"model": "testapp.spare", "pk": 1, "fields": {"name": "Болт"}}, {"model": "testapp.spare", "pk": 2, "fields": {"name": "Гайка"}}, {"model": "testapp.spare", "pk": 3, "fields": {"name": "Шайба"}}, {"model": "testapp.spare", "pk": 4, "fields": {"name": "Шпилька"}}, {"model": "testapp.machine", "pk": 1, "fields": {"name": "Самосвал"}}, {"model": "testapp.machine", "pk": 2, "fields": {"name": "Тепловоз"}}, {"model": "testapp.kit", "pk": 1, "fields": {"machine": 1, "spare": 1, "count": 5}}, {"model": "testapp.kit", "pk": 2, "fields": {"machine": 1, "spare": 2, "count": 100}}, {"model": "testapp.kit", "pk": 4, "fields": {"machine": 2, "spare": 1, "count": 49}}, {"model": "testapp.kit", "pk": 5, "fields": {"machine": 2, "spare": 3, "count": 49}}, {"model": "testapp.sms", "pk": 1, "fields": {"comment": "Привет, бобры!", "sender": 1, "receiver": 2}}]